# Name,   Type, SubType, Offset,  Size, Flags
# Note: if you have increased the bootloader size, make sure to update the offsets to avoid overlap
# 4MB flash, two OTA app slots for Zigbee OTA updates.
# nvs, phy_init, zb_storage and zb_fct keep their pre-OTA offsets so Zigbee pairing survives the migration flash.
# ota_0 sits where the old factory partition was.
nvs,        data, nvs,      0x9000,   0x6000,
phy_init,   data, phy,      0xf000,   0x1000,
ota_0,      app,  ota_0,    0x10000,  1536K,
zb_storage, data, fat,      0x190000, 16K,
zb_fct,     data, fat,      0x194000, 1K,
otadata,    data, ota,      0x195000, 8K,
ota_1,      app,  ota_1,    0x1A0000, 1536K,
